<application>
  <component name="MaterialThemeNewConfig">
    <option name="accentState">
      <MTAccentConfigState>
        <option name="accentColorHex" value="6b9bfa" />
      </MTAccentConfigState>
    </option>
    <option name="metadata">
      <MTMetadataState>
        <option name="userId" value="-16717e22:191d7a373e3:-8000" />
        <option name="version" value="9.5.0" />
        <option name="wizardShown" value="true" />
      </MTMetadataState>
    </option>
    <option name="themeState">
      <MTThemeConfigState>
        <option name="selectedThemeName" value="NATIVE" />
      </MTThemeConfigState>
    </option>
  </component>
</application>