<application>
  <component name="ProjectManager">
    <defaultProject>
      <component name="DiscordProjectSettings">
        <option name="show" value="ASK" />
        <option name="description" value="" />
        <option name="applicationTheme" value="default" />
        <option name="iconsTheme" value="default" />
        <option name="button1Title" value="" />
        <option name="button1Url" value="" />
        <option name="button2Title" value="" />
        <option name="button2Url" value="" />
        <option name="customApplicationId" value="" />
      </component>
      <component name="Encoding" addBOMForNewFiles="with BOM under Windows, with no BOM otherwise" />
      <component name="MaterialThemeProjectNewConfig">
        <option name="metadata">
          <MTProjectMetadataState>
            <option name="migrated" value="true" />
            <option name="pristineConfig" value="false" />
            <option name="userId" value="-16717e22:191d7a373e3:-7ffc" />
          </MTProjectMetadataState>
        </option>
      </component>
      <component name="PropertiesComponent"><![CDATA[{
  "keyToString": {
    "settings.editor.selected.configurable": "preferences.pluginManager"
  }
}]]></component>
      <component name="TaskManager">
        <task active="true" id="Default" summary="Default task">
          <created>1726153611061</created>
          <option name="number" value="Default" />
          <option name="presentableId" value="Default" />
          <updated>1726153611061</updated>
        </task>
        <servers />
      </component>
      <component name="VcsDirectoryMappings" defaultProject="true" />
      <component name="WindowStateProjectService">
        <state x="502" y="103" key="Rider.NewProjectDialog.Size" timestamp="1726082214302">
          <screen x="0" y="0" width="1920" height="1032" />
        </state>
        <state x="502" y="103" key="Rider.NewProjectDialog.Size/-1920.0.1536.922/1920.-360.1080.1872/0.0.1920.1032" timestamp="1726082214302" />
        <state x="461" y="81" key="SettingsEditor" timestamp="1726153620365">
          <screen x="0" y="0" width="1920" height="1032" />
        </state>
        <state x="461" y="81" key="SettingsEditor/-1920.0.1536.922/1920.-360.1080.1872/0.0.1920.1032" timestamp="1726153620365" />
      </component>
    </defaultProject>
  </component>
</application>