<application>
  <component name="SettingsSyncSettings">
    <option name="disabledSubcategories">
      <map>
        <entry key="PLUGINS">
          <value>
            <list>
              <option value="IdeaVIM" />
              <option value="Statistic" />
              <option value="com.codeium.intellij" />
              <option value="com.github.reallyliri.limonitprogressbarplugin" />
              <option value="com.intellij.ml.llm" />
              <option value="com.shetline.ligatures-limited" />
              <option value="dev.gabrielchl.intellij-pets" />
              <option value="mobi.hsz.idea.gitignore" />
              <option value="some.awesome" />
            </list>
          </value>
        </entry>
      </map>
    </option>
    <option name="migrationFromOldStorageChecked" value="true" />
  </component>
</application>