<application>
  <component name="Trusted.Paths">
    <option name="TRUSTED_PROJECT_PATHS">
      <map>
        <entry key="C:\Users\hvu\Code\LBMX.Internal.API.Account" value="true" />
        <entry key="C:\Users\hvu\Code\LBMX.Internal.API.Account\.idea\.idea.LBMX.Internal.API.Account" value="true" />
        <entry key="C:\Users\hvu\Code\Lib" value="true" />
        <entry key="C:\Users\hvu\Code\Lib\.idea\.idea.LBMX.Lib" value="true" />
        <entry key="C:\Users\hvu\Code\PIM" value="true" />
        <entry key="C:\Users\hvu\Code\RPCClient" value="true" />
        <entry key="C:\Users\hvu\Code\RPCClient\.idea\.idea.RPCClient" value="true" />
        <entry key="C:\Users\hvu\Code\RPCServer" value="true" />
        <entry key="C:\Users\hvu\Code\RPCServer\.idea\.idea.RPCServer" value="true" />
        <entry key="C:\Users\hvu\Code\RabbitMQ_HW" value="true" />
        <entry key="C:\Users\hvu\Code\RabbitMQ_HW\.idea\.idea.RabbitMQ_HW" value="true" />
        <entry key="C:\Users\hvu\Code\RabbitMQ_Receive" value="true" />
        <entry key="C:\Users\hvu\Code\RabbitMQ_Receive\.idea\.idea.RabbitMQ_Receive" value="true" />
        <entry key="C:\Users\hvu\Code\RabbitMQ_Send" value="true" />
        <entry key="C:\Users\hvu\Code\RabbitMQ_Send\.idea\.idea.RPCServer" value="true" />
        <entry key="C:\Users\hvu\Code\RabbitMQ_Send\.idea\.idea.RabbitMQ_Send" value="true" />
        <entry key="C:\Users\hvu\Code\txiu-a12-api" value="true" />
        <entry key="C:\Users\hvu\Code\txiu-a12-api\.idea\.idea.txiu-a12-api" value="true" />
        <entry key="C:\Users\hvu\OneDrive - LBMX Inc\Documents\Code\HelloRider" value="true" />
        <entry key="C:\Users\hvu\OneDrive - LBMX Inc\Documents\Code\HelloRider\.idea\.idea.HelloRider" value="true" />
      </map>
    </option>
  </component>
</application>