<application>
  <component name="DimensionService">
    <location key="find.popup.0.0.1920.1080" x="722" y="30" />
    <size key="GridCell.Tab.0.left.0.0.1920.1080" width="1838" height="395" />
    <size key="GridCell.Tab.0.center.0.0.1920.1080" width="1838" height="395" />
    <size key="GridCell.Tab.0.right.0.0.1920.1080" width="1838" height="395" />
    <size key="GridCell.Tab.0.bottom.0.0.1920.1080" width="1838" height="395" />
    <size key="GridCell.Tab.1.left.0.0.1920.1080" width="1838" height="395" />
    <size key="GridCell.Tab.1.center.0.0.1920.1080" width="1838" height="395" />
    <size key="GridCell.Tab.1.right.0.0.1920.1080" width="1838" height="395" />
    <size key="GridCell.Tab.1.bottom.0.0.1920.1080" width="1838" height="395" />
    <size key="GridCell.Tab.2.left.0.0.1920.1080" width="1838" height="395" />
    <size key="GridCell.Tab.2.center.0.0.1920.1080" width="1838" height="395" />
    <size key="GridCell.Tab.2.right.0.0.1920.1080" width="1838" height="395" />
    <size key="GridCell.Tab.2.bottom.0.0.1920.1080" width="1838" height="395" />
    <size key="GridCell.Tab.3.left.0.0.1920.1080" width="1838" height="395" />
    <size key="GridCell.Tab.3.center.0.0.1920.1080" width="1838" height="395" />
    <size key="GridCell.Tab.3.right.0.0.1920.1080" width="1838" height="395" />
    <size key="GridCell.Tab.3.bottom.0.0.1920.1080" width="1838" height="395" />
    <size key="GridCell.Tab.4.left.0.0.1920.1080" width="1838" height="395" />
    <size key="GridCell.Tab.4.center.0.0.1920.1080" width="1838" height="395" />
    <size key="GridCell.Tab.4.right.0.0.1920.1080" width="1838" height="395" />
    <size key="GridCell.Tab.4.bottom.0.0.1920.1080" width="1838" height="395" />
    <size key="GridCell.Tab.5.left.0.0.1920.1080" width="1838" height="395" />
    <size key="GridCell.Tab.5.center.0.0.1920.1080" width="1838" height="395" />
    <size key="GridCell.Tab.5.right.0.0.1920.1080" width="1838" height="395" />
    <size key="GridCell.Tab.5.bottom.0.0.1920.1080" width="1838" height="395" />
    <size key="GridCell.Tab.6.left.0.0.1920.1080" width="1838" height="395" />
    <size key="GridCell.Tab.6.center.0.0.1920.1080" width="1838" height="395" />
    <size key="GridCell.Tab.6.right.0.0.1920.1080" width="1838" height="395" />
    <size key="GridCell.Tab.6.bottom.0.0.1920.1080" width="1838" height="395" />
    <size key="find.popup.0.0.1920.1080" width="698" height="1002" />
  </component>
  <component name="WindowManager">
    <frame x="20" y="141" width="1930" height="1042" extendedState="6" />
  </component>
  <component name="WindowStateApplicationService">
    <state x="960" y="452" width="800" height="650" key="WELCOME_SCREEN" timestamp="1726500994350">
      <screen x="0" y="0" width="1920" height="1032" />
    </state>
    <state x="960" y="452" width="800" height="650" key="WELCOME_SCREEN/-1920.0.1536.922/1920.-360.1080.1872/0.0.1920.1032" timestamp="1726500994350" />
  </component>
</application>